{
  "metadata": {
    "input_documents": [
      "South of France - Cities.pdf",
      "South of France - Cuisine.pdf",
      "South of France - History.pdf",
      "South of France - Restaurants and Hotels.pdf",
      "South of France - Things to Do.pdf",
      "South of France - Tips and Tricks.pdf",
      "South of France - Traditions and Culture.pdf"
    ],
    "persona": "Travel Planner",
    "job_to_be_done": "Plan a trip of 4 days for a group of 10 college friends.",
    "processing_timestamp": "2025-07-28T21:55:39.078533"
  },
  "extracted_sections": [
    {
      "document": "South of France - Cities.pdf",
      "section_title": "Introduction",
      "importance_rank": 1,
      "page_number": 1
    },
    {
      "document": "South of France - Cities.pdf",
      "section_title": "Comprehensive Guide to Major Cities in the South of France",
      "importance_rank": 2,
      "page_number": 1
    },
    {
      "document": "South of France - Cities.pdf",
      "section_title": "Overview of the Region",
      "importance_rank": 3,
      "page_number": 2
    },
    {
      "document": "South of France - Cities.pdf",
      "section_title": "Travel Tips",
      "importance_rank": 4,
      "page_number": 2
    },
    {
      "document": "South of France - Cities.pdf",
      "section_title": "Marseille: The Oldest City in France",
      "importance_rank": 5,
      "page_number": 3
    },
    {
      "document": "South of France - Cities.pdf",
      "section_title": "Local Experiences",
      "importance_rank": 6,
      "page_number": 3
    },
    {
      "document": "South of France - Cities.pdf",
      "section_title": "Key Attractions",
      "importance_rank": 7,
      "page_number": 3
    },
    {
      "document": "South of France - Cities.pdf",
      "section_title": "Nice: The Jewel of the French Riviera",
      "importance_rank": 8,
      "page_number": 5
    },
    {
      "document": "South of France - Cities.pdf",
      "section_title": "Hidden Gems",
      "importance_rank": 9,
      "page_number": 5
    },
    {
      "document": "South of France - Cities.pdf",
      "section_title": "Avignon: The City of Popes",
      "importance_rank": 10,
      "page_number": 7
    },
    {
      "document": "South of France - Cities.pdf",
      "section_title": "Key Attractions",
      "importance_rank": 11,
      "page_number": 7
    },
    {
      "document": "South of France - Cities.pdf",
      "section_title": "Artistic Heritage",
      "importance_rank": 12,
      "page_number": 8
    },
    {
      "document": "South of France - Cities.pdf",
      "section_title": "Aix-en-Provence: A City of Art and Culture",
      "importance_rank": 13,
      "page_number": 8
    },
    {
      "document": "South of France - Cities.pdf",
      "section_title": "Key Attractions",
      "importance_rank": 14,
      "page_number": 8
    },
    {
      "document": "South of France - Cities.pdf",
      "section_title": "Cultural Highlights",
      "importance_rank": 15,
      "page_number": 8
    },
    {
      "document": "South of France - Cities.pdf",
      "section_title": "Toulouse: The Pink City",
      "importance_rank": 16,
      "page_number": 9
    },
    {
      "document": "South of France - Cities.pdf",
      "section_title": "Cultural Highlights",
      "importance_rank": 17,
      "page_number": 9
    },
    {
      "document": "South of France - Cities.pdf",
      "section_title": "Key Attractions",
      "importance_rank": 18,
      "page_number": 9
    },
    {
      "document": "South of France - Cities.pdf",
      "section_title": "Student Life",
      "importance_rank": 19,
      "page_number": 10
    },
    {
      "document": "South of France - Cities.pdf",
      "section_title": "Montpellier: A University City with Medieval Charm",
      "importance_rank": 20,
      "page_number": 10
    },
    {
      "document": "South of France - Cities.pdf",
      "section_title": "Key Attractions",
      "importance_rank": 21,
      "page_number": 10
    },
    {
      "document": "South of France - Cities.pdf",
      "section_title": "Cultural Fusion",
      "importance_rank": 22,
      "page_number": 11
    },
    {
      "document": "South of France - Cities.pdf",
      "section_title": "Perpignan: A Blend of French and Catalan Cultures",
      "importance_rank": 23,
      "page_number": 11
    },
    {
      "document": "South of France - Cities.pdf",
      "section_title": "Key Attractions",
      "importance_rank": 24,
      "page_number": 11
    },
    {
      "document": "South of France - Cities.pdf",
      "section_title": "Cultural Highlights",
      "importance_rank": 25,
      "page_number": 11
    },
    {
      "document": "South of France - Cities.pdf",
      "section_title": "Arles: A Roman Treasure",
      "importance_rank": 26,
      "page_number": 12
    },
    {
      "document": "South of France - Cities.pdf",
      "section_title": "Cultural Highlights",
      "importance_rank": 27,
      "page_number": 12
    },
    {
      "document": "South of France - Cities.pdf",
      "section_title": "Artistic Influence",
      "importance_rank": 28,
      "page_number": 12
    },
    {
      "document": "South of France - Cities.pdf",
      "section_title": "Key Attractions",
      "importance_rank": 29,
      "page_number": 12
    },
    {
      "document": "South of France - Cities.pdf",
      "section_title": "Medieval Life",
      "importance_rank": 30,
      "page_number": 13
    },
    {
      "document": "South of France - Cities.pdf",
      "section_title": "Key Attractions",
      "importance_rank": 31,
      "page_number": 13
    },
    {
      "document": "South of France - Cities.pdf",
      "section_title": "Carcassonne: A Medieval Fortress",
      "importance_rank": 32,
      "page_number": 13
    },
    {
      "document": "South of France - Cities.pdf",
      "section_title": "Cultural Highlights",
      "importance_rank": 34,
      "page_number": 13
    },
    {
      "document": "South of France - Cities.pdf",
      "section_title": "Conclusion",
      "importance_rank": 35,
      "page_number": 14
    },
    {
      "document": "South of France - Cuisine.pdf",
      "section_title": "Introduction",
      "importance_rank": 36,
      "page_number": 1
    },
    {
      "document": "South of France - Cuisine.pdf",
      "section_title": "A Culinary Journey Through the South of France",
      "importance_rank": 37,
      "page_number": 1
    },
    {
      "document": "South of France - Cuisine.pdf",
      "section_title": "Types of Food",
      "importance_rank": 38,
      "page_number": 2
    },
    {
      "document": "South of France - Cuisine.pdf",
      "section_title": "Famous Dishes",
      "importance_rank": 39,
      "page_number": 3
    },
    {
      "document": "South of France - Cuisine.pdf",
      "section_title": "Must-Visit Restaurants",
      "importance_rank": 40,
      "page_number": 4
    },
    {
      "document": "South of France - Cuisine.pdf",
      "section_title": "Wine Regions and Types of Wines",
      "importance_rank": 41,
      "page_number": 5
    },
    {
      "document": "South of France - Cuisine.pdf",
      "section_title": "Culinary Experiences",
      "importance_rank": 42,
      "page_number": 6
    },
    {
      "document": "South of France - Cuisine.pdf",
      "section_title": "Conclusion",
      "importance_rank": 43,
      "page_number": 8
    },
    {
      "document": "South of France - History.pdf",
      "section_title": "Introduction",
      "importance_rank": 44,
      "page_number": 1
    },
    {
      "document": "South of France - History.pdf",
      "section_title": "A Historical Journey Through the South of France",
      "importance_rank": 45,
      "page_number": 1
    },
    {
      "document": "South of France - History.pdf",
      "section_title": "Marseille: The Oldest City in France",
      "importance_rank": 46,
      "page_number": 2
    },
    {
      "document": "South of France - History.pdf",
      "section_title": "Nice: The Jewel of the French Riviera",
      "importance_rank": 47,
      "page_number": 3
    },
    {
      "document": "South of France - History.pdf",
      "section_title": "Avignon: The City of Popes",
      "importance_rank": 48,
      "page_number": 4
    },
    {
      "document": "South of France - History.pdf",
      "section_title": "Nîmes: The Rome of France",
      "importance_rank": 49,
      "page_number": 5
    },
    {
      "document": "South of France - History.pdf",
      "section_title": "Carcassonne: A Medieval Fortress",
      "importance_rank": 50,
      "page_number": 6
    },
    {
      "document": "South of France - History.pdf",
      "section_title": "Toulouse: The Pink City",
      "importance_rank": 52,
      "page_number": 7
    },
    {
      "document": "South of France - History.pdf",
      "section_title": "Arles: A Roman Treasure",
      "importance_rank": 53,
      "page_number": 8
    },
    {
      "document": "South of France - History.pdf",
      "section_title": "Aix-en-Provence: A City of Art and Culture",
      "importance_rank": 54,
      "page_number": 9
    },
    {
      "document": "South of France - History.pdf",
      "section_title": "Montpellier: A University City with Medieval Charm",
      "importance_rank": 55,
      "page_number": 10
    },
    {
      "document": "South of France - History.pdf",
      "section_title": "Perpignan: A Blend of French and Catalan Cultures",
      "importance_rank": 56,
      "page_number": 11
    },
    {
      "document": "South of France - History.pdf",
      "section_title": "Conclusion",
      "importance_rank": 57,
      "page_number": 12
    },
    {
      "document": "South of France - Restaurants and Hotels.pdf",
      "section_title": "Introduction",
      "importance_rank": 58,
      "page_number": 1
    },
    {
      "document": "South of France - Restaurants and Hotels.pdf",
      "section_title": "Comprehensive Guide to Restaurants and Hotels in the South of France",
      "importance_rank": 59,
      "page_number": 1
    },
    {
      "document": "South of France - Restaurants and Hotels.pdf",
      "section_title": "Budget-Friendly Restaurants",
      "importance_rank": 61,
      "page_number": 2
    },
    {
      "document": "South of France - Restaurants and Hotels.pdf",
      "section_title": "Restaurants",
      "importance_rank": 62,
      "page_number": 2
    },
    {
      "document": "South of France - Restaurants and Hotels.pdf",
      "section_title": "Family-Friendly Restaurants",
      "importance_rank": 63,
      "page_number": 3
    },
    {
      "document": "South of France - Restaurants and Hotels.pdf",
      "section_title": "Upscale Restaurants",
      "importance_rank": 64,
      "page_number": 4
    },
    {
      "document": "South of France - Restaurants and Hotels.pdf",
      "section_title": "Luxurious Restaurants",
      "importance_rank": 65,
      "page_number": 6
    },
    {
      "document": "South of France - Restaurants and Hotels.pdf",
      "section_title": "Budget-Friendly Hotels",
      "importance_rank": 66,
      "page_number": 8
    },
    {
      "document": "South of France - Restaurants and Hotels.pdf",
      "section_title": "Hotels",
      "importance_rank": 67,
      "page_number": 8
    },
    {
      "document": "South of France - Restaurants and Hotels.pdf",
      "section_title": "Family-Friendly Hotels",
      "importance_rank": 68,
      "page_number": 9
    },
    {
      "document": "South of France - Restaurants and Hotels.pdf",
      "section_title": "Upscale Hotels",
      "importance_rank": 69,
      "page_number": 11
    },
    {
      "document": "South of France - Restaurants and Hotels.pdf",
      "section_title": "Luxurious Hotels",
      "importance_rank": 70,
      "page_number": 12
    },
    {
      "document": "South of France - Restaurants and Hotels.pdf",
      "section_title": "Conclusion",
      "importance_rank": 71,
      "page_number": 14
    },
    {
      "document": "South of France - Things to Do.pdf",
      "section_title": "Introduction",
      "importance_rank": 72,
      "page_number": 1
    },
    {
      "document": "South of France - Things to Do.pdf",
      "section_title": "Ultimate Guide to Activities and Things to Do in the South of France",
      "importance_rank": 73,
      "page_number": 1
    },
    {
      "document": "South of France - Things to Do.pdf",
      "section_title": "Water Sports",
      "importance_rank": 74,
      "page_number": 2
    },
    {
      "document": "South of France - Things to Do.pdf",
      "section_title": "Coastal Adventures",
      "importance_rank": 75,
      "page_number": 2
    },
    {
      "document": "South of France - Things to Do.pdf",
      "section_title": "Beach Hopping",
      "importance_rank": 76,
      "page_number": 2
    },
    {
      "document": "South of France - Things to Do.pdf",
      "section_title": "Historical Sites",
      "importance_rank": 77,
      "page_number": 3
    },
    {
      "document": "South of France - Things to Do.pdf",
      "section_title": "Art and Museums",
      "importance_rank": 78,
      "page_number": 3
    },
    {
      "document": "South of France - Things to Do.pdf",
      "section_title": "Cultural Experiences",
      "importance_rank": 79,
      "page_number": 3
    },
    {
      "document": "South of France - Things to Do.pdf",
      "section_title": "Outdoor Activities",
      "importance_rank": 80,
      "page_number": 4
    },
    {
      "document": "South of France - Things to Do.pdf",
      "section_title": "Hiking and Biking",
      "importance_rank": 81,
      "page_number": 4
    },
    {
      "document": "South of France - Things to Do.pdf",
      "section_title": "Water Activities",
      "importance_rank": 82,
      "page_number": 4
    },
    {
      "document": "South of France - Things to Do.pdf",
      "section_title": "Cooking Classes",
      "importance_rank": 83,
      "page_number": 5
    },
    {
      "document": "South of France - Things to Do.pdf",
      "section_title": "Culinary Delights",
      "importance_rank": 84,
      "page_number": 5
    },
    {
      "document": "South of France - Things to Do.pdf",
      "section_title": "Wine Tasting",
      "importance_rank": 85,
      "page_number": 5
    },
    {
      "document": "South of France - Things to Do.pdf",
      "section_title": "Festivals and Events",
      "importance_rank": 86,
      "page_number": 6
    },
    {
      "document": "South of France - Things to Do.pdf",
      "section_title": "Yoga and Meditation Retreats",
      "importance_rank": 87,
      "page_number": 7
    },
    {
      "document": "South of France - Things to Do.pdf",
      "section_title": "Spa and Wellness Retreats",
      "importance_rank": 88,
      "page_number": 7
    },
    {
      "document": "South of France - Things to Do.pdf",
      "section_title": "Relaxation and Wellness",
      "importance_rank": 89,
      "page_number": 7
    },
    {
      "document": "South of France - Things to Do.pdf",
      "section_title": "Boutique Shopping",
      "importance_rank": 90,
      "page_number": 8
    },
    {
      "document": "South of France - Things to Do.pdf",
      "section_title": "Local Markets",
      "importance_rank": 91,
      "page_number": 8
    },
    {
      "document": "South of France - Things to Do.pdf",
      "section_title": "Shopping and Markets",
      "importance_rank": 92,
      "page_number": 8
    },
    {
      "document": "South of France - Things to Do.pdf",
      "section_title": "Educational Experiences",
      "importance_rank": 93,
      "page_number": 9
    },
    {
      "document": "South of France - Things to Do.pdf",
      "section_title": "Outdoor Adventures",
      "importance_rank": 94,
      "page_number": 9
    },
    {
      "document": "South of France - Things to Do.pdf",
      "section_title": "Theme Parks and Attractions",
      "importance_rank": 95,
      "page_number": 9
    },
    {
      "document": "South of France - Things to Do.pdf",
      "section_title": "Family-Friendly Activities",
      "importance_rank": 96,
      "page_number": 9
    },
    {
      "document": "South of France - Things to Do.pdf",
      "section_title": "Nightclubs",
      "importance_rank": 97,
      "page_number": 11
    },
    {
      "document": "South of France - Things to Do.pdf",
      "section_title": "Bars and Lounges",
      "importance_rank": 98,
      "page_number": 11
    },
    {
      "document": "South of France - Things to Do.pdf",
      "section_title": "Nightlife and Entertainment",
      "importance_rank": 99,
      "page_number": 11
    },
    {
      "document": "South of France - Things to Do.pdf",
      "section_title": "Conclusion",
      "importance_rank": 100,
      "page_number": 13
    },
    {
      "document": "South of France - Tips and Tricks.pdf",
      "section_title": "Introduction",
      "importance_rank": 101,
      "page_number": 1
    },
    {
      "document": "South of France - Tips and Tricks.pdf",
      "section_title": "The Ultimate South of France Travel Companion: Your Comprehensive Guide to Packing, Planning, and Exploring",
      "importance_rank": 102,
      "page_number": 1
    },
    {
      "document": "South of France - Tips and Tricks.pdf",
      "section_title": "General Packing Tips and Tricks",
      "importance_rank": 103,
      "page_number": 2
    },
    {
      "document": "South of France - Tips and Tricks.pdf",
      "section_title": "Summer (June to August)",
      "importance_rank": 104,
      "page_number": 3
    },
    {
      "document": "South of France - Tips and Tricks.pdf",
      "section_title": "Packing for All Seasons",
      "importance_rank": 105,
      "page_number": 3
    },
    {
      "document": "South of France - Tips and Tricks.pdf",
      "section_title": "Winter (December to February)",
      "importance_rank": 106,
      "page_number": 3
    },
    {
      "document": "South of France - Tips and Tricks.pdf",
      "section_title": "Spring (March to May)",
      "importance_rank": 107,
      "page_number": 3
    },
    {
      "document": "South of France - Tips and Tricks.pdf",
      "section_title": "Autumn (September to November)",
      "importance_rank": 108,
      "page_number": 3
    },
    {
      "document": "South of France - Tips and Tricks.pdf",
      "section_title": "Toiletries",
      "importance_rank": 109,
      "page_number": 4
    },
    {
      "document": "South of France - Tips and Tricks.pdf",
      "section_title": "Clothing",
      "importance_rank": 110,
      "page_number": 4
    },
    {
      "document": "South of France - Tips and Tricks.pdf",
      "section_title": "Packing for Adults",
      "importance_rank": 111,
      "page_number": 4
    },
    {
      "document": "South of France - Tips and Tricks.pdf",
      "section_title": "Gadgets and Accessories",
      "importance_rank": 112,
      "page_number": 4
    },
    {
      "document": "South of France - Tips and Tricks.pdf",
      "section_title": "Safety and Comfort",
      "importance_rank": 113,
      "page_number": 6
    },
    {
      "document": "South of France - Tips and Tricks.pdf",
      "section_title": "Toiletries",
      "importance_rank": 114,
      "page_number": 6
    },
    {
      "document": "South of France - Tips and Tricks.pdf",
      "section_title": "Essentials",
      "importance_rank": 115,
      "page_number": 6
    },
    {
      "document": "South of France - Tips and Tricks.pdf",
      "section_title": "Clothing",
      "importance_rank": 116,
      "page_number": 6
    },
    {
      "document": "South of France - Tips and Tricks.pdf",
      "section_title": "Packing for Kids",
      "importance_rank": 117,
      "page_number": 6
    },
    {
      "document": "South of France - Tips and Tricks.pdf",
      "section_title": "Wine Tours",
      "importance_rank": 118,
      "page_number": 7
    },
    {
      "document": "South of France - Tips and Tricks.pdf",
      "section_title": "Special Considerations",
      "importance_rank": 119,
      "page_number": 7
    },
    {
      "document": "South of France - Tips and Tricks.pdf",
      "section_title": "City Exploration",
      "importance_rank": 120,
      "page_number": 7
    },
    {
      "document": "South of France - Tips and Tricks.pdf",
      "section_title": "Beach Trips",
      "importance_rank": 121,
      "page_number": 7
    },
    {
      "document": "South of France - Tips and Tricks.pdf",
      "section_title": "Hiking and Outdoor Activities",
      "importance_rank": 122,
      "page_number": 7
    },
    {
      "document": "South of France - Tips and Tricks.pdf",
      "section_title": "Tips and Tricks for Packing",
      "importance_rank": 123,
      "page_number": 8
    },
    {
      "document": "South of France - Tips and Tricks.pdf",
      "section_title": "Conclusion",
      "importance_rank": 124,
      "page_number": 9
    },
    {
      "document": "South of France - Traditions and Culture.pdf",
      "section_title": "Introduction",
      "importance_rank": 125,
      "page_number": 1
    },
    {
      "document": "South of France - Traditions and Culture.pdf",
      "section_title": "A Comprehensive Guide to Traditions and Culture in the South of France",
      "importance_rank": 126,
      "page_number": 1
    },
    {
      "document": "South of France - Traditions and Culture.pdf",
      "section_title": "A Comprehensive Guide to Traditions and Culture in the South of Franc",
      "importance_rank": 127,
      "page_number": 1
    },
    {
      "document": "South of France - Traditions and Culture.pdf",
      "section_title": "Fête de la Musique",
      "importance_rank": 128,
      "page_number": 2
    },
    {
      "document": "South of France - Traditions and Culture.pdf",
      "section_title": "Transhumance Festivals",
      "importance_rank": 129,
      "page_number": 2
    },
    {
      "document": "South of France - Traditions and Culture.pdf",
      "section_title": "Festivals and Celebrations",
      "importance_rank": 130,
      "page_number": 2
    },
    {
      "document": "South of France - Traditions and Culture.pdf",
      "section_title": "Literature and Poetry",
      "importance_rank": 131,
      "page_number": 2
    },
    {
      "document": "South of France - Traditions and Culture.pdf",
      "section_title": "Provençal Language",
      "importance_rank": 132,
      "page_number": 2
    },
    {
      "document": "South of France - Traditions and Culture.pdf",
      "section_title": "Carnival of Nice",
      "importance_rank": 133,
      "page_number": 2
    },
    {
      "document": "South of France - Traditions and Culture.pdf",
      "section_title": "Language and Literature",
      "importance_rank": 134,
      "page_number": 2
    },
    {
      "document": "South of France - Traditions and Culture.pdf",
      "section_title": "Wine and Vineyards",
      "importance_rank": 135,
      "page_number": 3
    },
    {
      "document": "South of France - Traditions and Culture.pdf",
      "section_title": "Course Camarguaise",
      "importance_rank": 136,
      "page_number": 3
    },
    {
      "document": "South of France - Traditions and Culture.pdf",
      "section_title": "Provençal Cuisine",
      "importance_rank": 137,
      "page_number": 3
    },
    {
      "document": "South of France - Traditions and Culture.pdf",
      "section_title": "Traditional Sports and Games",
      "importance_rank": 138,
      "page_number": 3
    },
    {
      "document": "South of France - Traditions and Culture.pdf",
      "section_title": "Culinary Traditions",
      "importance_rank": 139,
      "page_number": 3
    },
    {
      "document": "South of France - Traditions and Culture.pdf",
      "section_title": "Pétanque",
      "importance_rank": 140,
      "page_number": 3
    },
    {
      "document": "South of France - Traditions and Culture.pdf",
      "section_title": "Truﬄe Hunting",
      "importance_rank": 141,
      "page_number": 3
    },
    {
      "document": "South of France - Traditions and Culture.pdf",
      "section_title": "Lavender Products",
      "importance_rank": 142,
      "page_number": 4
    },
    {
      "document": "South of France - Traditions and Culture.pdf",
      "section_title": "Christmas Traditions",
      "importance_rank": 143,
      "page_number": 4
    },
    {
      "document": "South of France - Traditions and Culture.pdf",
      "section_title": "Religious and Spiritual Traditions",
      "importance_rank": 144,
      "page_number": 4
    },
    {
      "document": "South of France - Traditions and Culture.pdf",
      "section_title": "Pilgrimages",
      "importance_rank": 145,
      "page_number": 4
    },
    {
      "document": "South of France - Traditions and Culture.pdf",
      "section_title": "Pottery and Ceramics",
      "importance_rank": 146,
      "page_number": 4
    },
    {
      "document": "South of France - Traditions and Culture.pdf",
      "section_title": "Arts and Crafts",
      "importance_rank": 147,
      "page_number": 4
    },
    {
      "document": "South of France - Traditions and Culture.pdf",
      "section_title": "Jazz Manouche",
      "importance_rank": 148,
      "page_number": 5
    },
    {
      "document": "South of France - Traditions and Culture.pdf",
      "section_title": "Music and Dance",
      "importance_rank": 149,
      "page_number": 5
    },
    {
      "document": "South of France - Traditions and Culture.pdf",
      "section_title": "Provençal Folk Music",
      "importance_rank": 150,
      "page_number": 5
    },
    {
      "document": "South of France - Traditions and Culture.pdf",
      "section_title": "Conclusion",
      "importance_rank": 151,
      "page_number": 5
    }
  ],
  "subsection_analysis": [
    {
      "document": "South of France - Cities.pdf",
      "refined_text": "Introduction",
      "page_number": 1
    },
    {
      "document": "South of France - Cities.pdf",
      "refined_text": "Comprehensive Guide to Major Cities in the South of France",
      "page_number": 1
    },
    {
      "document": "South of France - Cities.pdf",
      "refined_text": "Overview of the Region",
      "page_number": 2
    },
    {
      "document": "South of France - Cities.pdf",
      "refined_text": "Travel Tips",
      "page_number": 2
    },
    {
      "document": "South of France - Cities.pdf",
      "refined_text": "Marseille: The Oldest City in France",
      "page_number": 3
    },
    {
      "document": "South of France - Cities.pdf",
      "refined_text": "Local Experiences",
      "page_number": 3
    },
    {
      "document": "South of France - Cities.pdf",
      "refined_text": "Key Attractions",
      "page_number": 3
    },
    {
      "document": "South of France - Cities.pdf",
      "refined_text": "Nice: The Jewel of the French Riviera",
      "page_number": 5
    },
    {
      "document": "South of France - Cities.pdf",
      "refined_text": "Hidden Gems",
      "page_number": 5
    },
    {
      "document": "South of France - Cities.pdf",
      "refined_text": "Avignon: The City of Popes",
      "page_number": 7
    },
    {
      "document": "South of France - Cities.pdf",
      "refined_text": "Key Attractions",
      "page_number": 7
    },
    {
      "document": "South of France - Cities.pdf",
      "refined_text": "Artistic Heritage",
      "page_number": 8
    },
    {
      "document": "South of France - Cities.pdf",
      "refined_text": "Aix-en-Provence: A City of Art and Culture",
      "page_number": 8
    },
    {
      "document": "South of France - Cities.pdf",
      "refined_text": "Key Attractions",
      "page_number": 8
    },
    {
      "document": "South of France - Cities.pdf",
      "refined_text": "Cultural Highlights",
      "page_number": 8
    },
    {
      "document": "South of France - Cities.pdf",
      "refined_text": "Toulouse: The Pink City",
      "page_number": 9
    },
    {
      "document": "South of France - Cities.pdf",
      "refined_text": "Cultural Highlights",
      "page_number": 9
    },
    {
      "document": "South of France - Cities.pdf",
      "refined_text": "Key Attractions",
      "page_number": 9
    },
    {
      "document": "South of France - Cities.pdf",
      "refined_text": "Student Life",
      "page_number": 10
    },
    {
      "document": "South of France - Cities.pdf",
      "refined_text": "Montpellier: A University City with Medieval Charm",
      "page_number": 10
    },
    {
      "document": "South of France - Cities.pdf",
      "refined_text": "Key Attractions",
      "page_number": 10
    },
    {
      "document": "South of France - Cities.pdf",
      "refined_text": "Cultural Fusion",
      "page_number": 11
    },
    {
      "document": "South of France - Cities.pdf",
      "refined_text": "Perpignan: A Blend of French and Catalan Cultures",
      "page_number": 11
    },
    {
      "document": "South of France - Cities.pdf",
      "refined_text": "Key Attractions",
      "page_number": 11
    },
    {
      "document": "South of France - Cities.pdf",
      "refined_text": "Cultural Highlights",
      "page_number": 11
    },
    {
      "document": "South of France - Cities.pdf",
      "refined_text": "Arles: A Roman Treasure",
      "page_number": 12
    },
    {
      "document": "South of France - Cities.pdf",
      "refined_text": "Cultural Highlights",
      "page_number": 12
    },
    {
      "document": "South of France - Cities.pdf",
      "refined_text": "Artistic Influence",
      "page_number": 12
    },
    {
      "document": "South of France - Cities.pdf",
      "refined_text": "Key Attractions",
      "page_number": 12
    },
    {
      "document": "South of France - Cities.pdf",
      "refined_text": "Medieval Life",
      "page_number": 13
    },
    {
      "document": "South of France - Cities.pdf",
      "refined_text": "Key Attractions",
      "page_number": 13
    },
    {
      "document": "South of France - Cities.pdf",
      "refined_text": "Carcassonne: A Medieval Fortress",
      "page_number": 13
    },
    {
      "document": "South of France - Cities.pdf",
      "refined_text": "Carcassonne: A Medieval Fortress",
      "page_number": 13
    },
    {
      "document": "South of France - Cities.pdf",
      "refined_text": "Cultural Highlights",
      "page_number": 13
    },
    {
      "document": "South of France - Cities.pdf",
      "refined_text": "Conclusion",
      "page_number": 14
    },
    {
      "document": "South of France - Cuisine.pdf",
      "refined_text": "Introduction",
      "page_number": 1
    },
    {
      "document": "South of France - Cuisine.pdf",
      "refined_text": "A Culinary Journey Through the South of France",
      "page_number": 1
    },
    {
      "document": "South of France - Cuisine.pdf",
      "refined_text": "Types of Food",
      "page_number": 2
    },
    {
      "document": "South of France - Cuisine.pdf",
      "refined_text": "Famous Dishes",
      "page_number": 3
    },
    {
      "document": "South of France - Cuisine.pdf",
      "refined_text": "Must-Visit Restaurants",
      "page_number": 4
    },
    {
      "document": "South of France - Cuisine.pdf",
      "refined_text": "Wine Regions and Types of Wines",
      "page_number": 5
    },
    {
      "document": "South of France - Cuisine.pdf",
      "refined_text": "Culinary Experiences",
      "page_number": 6
    },
    {
      "document": "South of France - Cuisine.pdf",
      "refined_text": "Conclusion",
      "page_number": 8
    },
    {
      "document": "South of France - History.pdf",
      "refined_text": "Introduction",
      "page_number": 1
    },
    {
      "document": "South of France - History.pdf",
      "refined_text": "A Historical Journey Through the South of France",
      "page_number": 1
    },
    {
      "document": "South of France - History.pdf",
      "refined_text": "Marseille: The Oldest City in France",
      "page_number": 2
    },
    {
      "document": "South of France - History.pdf",
      "refined_text": "Nice: The Jewel of the French Riviera",
      "page_number": 3
    },
    {
      "document": "South of France - History.pdf",
      "refined_text": "Avignon: The City of Popes",
      "page_number": 4
    },
    {
      "document": "South of France - History.pdf",
      "refined_text": "Nîmes: The Rome of France",
      "page_number": 5
    },
    {
      "document": "South of France - History.pdf",
      "refined_text": "Carcassonne: A Medieval Fortress",
      "page_number": 6
    },
    {
      "document": "South of France - History.pdf",
      "refined_text": "Carcassonne: A Medieval Fortress",
      "page_number": 6
    },
    {
      "document": "South of France - History.pdf",
      "refined_text": "Toulouse: The Pink City",
      "page_number": 7
    },
    {
      "document": "South of France - History.pdf",
      "refined_text": "Arles: A Roman Treasure",
      "page_number": 8
    },
    {
      "document": "South of France - History.pdf",
      "refined_text": "Aix-en-Provence: A City of Art and Culture",
      "page_number": 9
    },
    {
      "document": "South of France - History.pdf",
      "refined_text": "Montpellier: A University City with Medieval Charm",
      "page_number": 10
    },
    {
      "document": "South of France - History.pdf",
      "refined_text": "Perpignan: A Blend of French and Catalan Cultures",
      "page_number": 11
    },
    {
      "document": "South of France - History.pdf",
      "refined_text": "Conclusion",
      "page_number": 12
    },
    {
      "document": "South of France - Restaurants and Hotels.pdf",
      "refined_text": "Introduction",
      "page_number": 1
    },
    {
      "document": "South of France - Restaurants and Hotels.pdf",
      "refined_text": "Comprehensive Guide to Restaurants and Hotels in the South of France",
      "page_number": 1
    },
    {
      "document": "South of France - Restaurants and Hotels.pdf",
      "refined_text": "Comprehensive Guide to Restaurants and Hotels in the South of France",
      "page_number": 1
    },
    {
      "document": "South of France - Restaurants and Hotels.pdf",
      "refined_text": "Budget-Friendly Restaurants",
      "page_number": 2
    },
    {
      "document": "South of France - Restaurants and Hotels.pdf",
      "refined_text": "Restaurants",
      "page_number": 2
    },
    {
      "document": "South of France - Restaurants and Hotels.pdf",
      "refined_text": "Family-Friendly Restaurants",
      "page_number": 3
    },
    {
      "document": "South of France - Restaurants and Hotels.pdf",
      "refined_text": "Upscale Restaurants",
      "page_number": 4
    },
    {
      "document": "South of France - Restaurants and Hotels.pdf",
      "refined_text": "Luxurious Restaurants",
      "page_number": 6
    },
    {
      "document": "South of France - Restaurants and Hotels.pdf",
      "refined_text": "Budget-Friendly Hotels",
      "page_number": 8
    },
    {
      "document": "South of France - Restaurants and Hotels.pdf",
      "refined_text": "Hotels",
      "page_number": 8
    },
    {
      "document": "South of France - Restaurants and Hotels.pdf",
      "refined_text": "Family-Friendly Hotels",
      "page_number": 9
    },
    {
      "document": "South of France - Restaurants and Hotels.pdf",
      "refined_text": "Upscale Hotels",
      "page_number": 11
    },
    {
      "document": "South of France - Restaurants and Hotels.pdf",
      "refined_text": "Luxurious Hotels",
      "page_number": 12
    },
    {
      "document": "South of France - Restaurants and Hotels.pdf",
      "refined_text": "Conclusion",
      "page_number": 14
    },
    {
      "document": "South of France - Things to Do.pdf",
      "refined_text": "Introduction",
      "page_number": 1
    },
    {
      "document": "South of France - Things to Do.pdf",
      "refined_text": "Ultimate Guide to Activities and Things to Do in the South of France",
      "page_number": 1
    },
    {
      "document": "South of France - Things to Do.pdf",
      "refined_text": "Water Sports",
      "page_number": 2
    },
    {
      "document": "South of France - Things to Do.pdf",
      "refined_text": "Coastal Adventures",
      "page_number": 2
    },
    {
      "document": "South of France - Things to Do.pdf",
      "refined_text": "Beach Hopping",
      "page_number": 2
    },
    {
      "document": "South of France - Things to Do.pdf",
      "refined_text": "Historical Sites",
      "page_number": 3
    },
    {
      "document": "South of France - Things to Do.pdf",
      "refined_text": "Art and Museums",
      "page_number": 3
    },
    {
      "document": "South of France - Things to Do.pdf",
      "refined_text": "Cultural Experiences",
      "page_number": 3
    },
    {
      "document": "South of France - Things to Do.pdf",
      "refined_text": "Outdoor Activities",
      "page_number": 4
    },
    {
      "document": "South of France - Things to Do.pdf",
      "refined_text": "Hiking and Biking",
      "page_number": 4
    },
    {
      "document": "South of France - Things to Do.pdf",
      "refined_text": "Water Activities",
      "page_number": 4
    },
    {
      "document": "South of France - Things to Do.pdf",
      "refined_text": "Cooking Classes",
      "page_number": 5
    },
    {
      "document": "South of France - Things to Do.pdf",
      "refined_text": "Culinary Delights",
      "page_number": 5
    },
    {
      "document": "South of France - Things to Do.pdf",
      "refined_text": "Wine Tasting",
      "page_number": 5
    },
    {
      "document": "South of France - Things to Do.pdf",
      "refined_text": "Festivals and Events",
      "page_number": 6
    },
    {
      "document": "South of France - Things to Do.pdf",
      "refined_text": "Yoga and Meditation Retreats",
      "page_number": 7
    },
    {
      "document": "South of France - Things to Do.pdf",
      "refined_text": "Spa and Wellness Retreats",
      "page_number": 7
    },
    {
      "document": "South of France - Things to Do.pdf",
      "refined_text": "Relaxation and Wellness",
      "page_number": 7
    },
    {
      "document": "South of France - Things to Do.pdf",
      "refined_text": "Boutique Shopping",
      "page_number": 8
    },
    {
      "document": "South of France - Things to Do.pdf",
      "refined_text": "Local Markets",
      "page_number": 8
    },
    {
      "document": "South of France - Things to Do.pdf",
      "refined_text": "Shopping and Markets",
      "page_number": 8
    },
    {
      "document": "South of France - Things to Do.pdf",
      "refined_text": "Educational Experiences",
      "page_number": 9
    },
    {
      "document": "South of France - Things to Do.pdf",
      "refined_text": "Outdoor Adventures",
      "page_number": 9
    },
    {
      "document": "South of France - Things to Do.pdf",
      "refined_text": "Theme Parks and Attractions",
      "page_number": 9
    },
    {
      "document": "South of France - Things to Do.pdf",
      "refined_text": "Family-Friendly Activities",
      "page_number": 9
    },
    {
      "document": "South of France - Things to Do.pdf",
      "refined_text": "Nightclubs",
      "page_number": 11
    },
    {
      "document": "South of France - Things to Do.pdf",
      "refined_text": "Bars and Lounges",
      "page_number": 11
    },
    {
      "document": "South of France - Things to Do.pdf",
      "refined_text": "Nightlife and Entertainment",
      "page_number": 11
    },
    {
      "document": "South of France - Things to Do.pdf",
      "refined_text": "Conclusion",
      "page_number": 13
    },
    {
      "document": "South of France - Tips and Tricks.pdf",
      "refined_text": "Introduction",
      "page_number": 1
    },
    {
      "document": "South of France - Tips and Tricks.pdf",
      "refined_text": "The Ultimate South of France Travel Companion: Your Comprehensive Guide to Packing, Planning, and Exploring",
      "page_number": 1
    },
    {
      "document": "South of France - Tips and Tricks.pdf",
      "refined_text": "General Packing Tips and Tricks",
      "page_number": 2
    },
    {
      "document": "South of France - Tips and Tricks.pdf",
      "refined_text": "Summer (June to August)",
      "page_number": 3
    },
    {
      "document": "South of France - Tips and Tricks.pdf",
      "refined_text": "Packing for All Seasons",
      "page_number": 3
    },
    {
      "document": "South of France - Tips and Tricks.pdf",
      "refined_text": "Winter (December to February)",
      "page_number": 3
    },
    {
      "document": "South of France - Tips and Tricks.pdf",
      "refined_text": "Spring (March to May)",
      "page_number": 3
    },
    {
      "document": "South of France - Tips and Tricks.pdf",
      "refined_text": "Autumn (September to November)",
      "page_number": 3
    },
    {
      "document": "South of France - Tips and Tricks.pdf",
      "refined_text": "Toiletries",
      "page_number": 4
    },
    {
      "document": "South of France - Tips and Tricks.pdf",
      "refined_text": "Clothing",
      "page_number": 4
    },
    {
      "document": "South of France - Tips and Tricks.pdf",
      "refined_text": "Packing for Adults",
      "page_number": 4
    },
    {
      "document": "South of France - Tips and Tricks.pdf",
      "refined_text": "Gadgets and Accessories",
      "page_number": 4
    },
    {
      "document": "South of France - Tips and Tricks.pdf",
      "refined_text": "Safety and Comfort",
      "page_number": 6
    },
    {
      "document": "South of France - Tips and Tricks.pdf",
      "refined_text": "Toiletries",
      "page_number": 6
    },
    {
      "document": "South of France - Tips and Tricks.pdf",
      "refined_text": "Essentials",
      "page_number": 6
    },
    {
      "document": "South of France - Tips and Tricks.pdf",
      "refined_text": "Clothing",
      "page_number": 6
    },
    {
      "document": "South of France - Tips and Tricks.pdf",
      "refined_text": "Packing for Kids",
      "page_number": 6
    },
    {
      "document": "South of France - Tips and Tricks.pdf",
      "refined_text": "Wine Tours",
      "page_number": 7
    },
    {
      "document": "South of France - Tips and Tricks.pdf",
      "refined_text": "Special Considerations",
      "page_number": 7
    },
    {
      "document": "South of France - Tips and Tricks.pdf",
      "refined_text": "City Exploration",
      "page_number": 7
    },
    {
      "document": "South of France - Tips and Tricks.pdf",
      "refined_text": "Beach Trips",
      "page_number": 7
    },
    {
      "document": "South of France - Tips and Tricks.pdf",
      "refined_text": "Hiking and Outdoor Activities",
      "page_number": 7
    },
    {
      "document": "South of France - Tips and Tricks.pdf",
      "refined_text": "Tips and Tricks for Packing",
      "page_number": 8
    },
    {
      "document": "South of France - Tips and Tricks.pdf",
      "refined_text": "Conclusion",
      "page_number": 9
    },
    {
      "document": "South of France - Traditions and Culture.pdf",
      "refined_text": "Introduction",
      "page_number": 1
    },
    {
      "document": "South of France - Traditions and Culture.pdf",
      "refined_text": "A Comprehensive Guide to Traditions and Culture in the South of France",
      "page_number": 1
    },
    {
      "document": "South of France - Traditions and Culture.pdf",
      "refined_text": "A Comprehensive Guide to Traditions and Culture in the South of Franc",
      "page_number": 1
    },
    {
      "document": "South of France - Traditions and Culture.pdf",
      "refined_text": "Fête de la Musique",
      "page_number": 2
    },
    {
      "document": "South of France - Traditions and Culture.pdf",
      "refined_text": "Transhumance Festivals",
      "page_number": 2
    },
    {
      "document": "South of France - Traditions and Culture.pdf",
      "refined_text": "Festivals and Celebrations",
      "page_number": 2
    },
    {
      "document": "South of France - Traditions and Culture.pdf",
      "refined_text": "Literature and Poetry",
      "page_number": 2
    },
    {
      "document": "South of France - Traditions and Culture.pdf",
      "refined_text": "Provençal Language",
      "page_number": 2
    },
    {
      "document": "South of France - Traditions and Culture.pdf",
      "refined_text": "Carnival of Nice",
      "page_number": 2
    },
    {
      "document": "South of France - Traditions and Culture.pdf",
      "refined_text": "Language and Literature",
      "page_number": 2
    },
    {
      "document": "South of France - Traditions and Culture.pdf",
      "refined_text": "Wine and Vineyards",
      "page_number": 3
    },
    {
      "document": "South of France - Traditions and Culture.pdf",
      "refined_text": "Course Camarguaise",
      "page_number": 3
    },
    {
      "document": "South of France - Traditions and Culture.pdf",
      "refined_text": "Provençal Cuisine",
      "page_number": 3
    },
    {
      "document": "South of France - Traditions and Culture.pdf",
      "refined_text": "Traditional Sports and Games",
      "page_number": 3
    },
    {
      "document": "South of France - Traditions and Culture.pdf",
      "refined_text": "Culinary Traditions",
      "page_number": 3
    },
    {
      "document": "South of France - Traditions and Culture.pdf",
      "refined_text": "Pétanque",
      "page_number": 3
    },
    {
      "document": "South of France - Traditions and Culture.pdf",
      "refined_text": "Truﬄe Hunting",
      "page_number": 3
    },
    {
      "document": "South of France - Traditions and Culture.pdf",
      "refined_text": "Lavender Products",
      "page_number": 4
    },
    {
      "document": "South of France - Traditions and Culture.pdf",
      "refined_text": "Christmas Traditions",
      "page_number": 4
    },
    {
      "document": "South of France - Traditions and Culture.pdf",
      "refined_text": "Religious and Spiritual Traditions",
      "page_number": 4
    },
    {
      "document": "South of France - Traditions and Culture.pdf",
      "refined_text": "Pilgrimages",
      "page_number": 4
    },
    {
      "document": "South of France - Traditions and Culture.pdf",
      "refined_text": "Pottery and Ceramics",
      "page_number": 4
    },
    {
      "document": "South of France - Traditions and Culture.pdf",
      "refined_text": "Arts and Crafts",
      "page_number": 4
    },
    {
      "document": "South of France - Traditions and Culture.pdf",
      "refined_text": "Jazz Manouche",
      "page_number": 5
    },
    {
      "document": "South of France - Traditions and Culture.pdf",
      "refined_text": "Music and Dance",
      "page_number": 5
    },
    {
      "document": "South of France - Traditions and Culture.pdf",
      "refined_text": "Provençal Folk Music",
      "page_number": 5
    },
    {
      "document": "South of France - Traditions and Culture.pdf",
      "refined_text": "Conclusion",
      "page_number": 5
    }
  ]
}